"FD_ID","FD_NAME"
"FD1","Column 5"
"FD2","Column 3, 5, 9"
"FD3","Column 1, 4, 9, 20"
"FD4","Column 3, 9"
"FD5","Column 3, 10, 12"
"FD6","Column 3"
"FD7","Column 3, 15, 18"
"FD8","Column 18"
"FD9","Column 1"
"FD10","Column 1, 2, 3"
"FD11","Column 1, 13"
"FD12","Column 14, 20"
"FD13","Column 9, 14, 20"
"FD14","Column 5, 13, 15, 19"
"FD15","Column 16"
"FD16","Column 2, 5"
"FD17","Column 2, 5 ,7, 16"
"FD18","Column 4"
"FD19","Column 4, 5"
"FD20","Column 2, 5, 17, 18"
"FD21","Column 8"
"FD22","Column 3, 10, 11"
"FD23","Column 6, 10, 11, 20"
"FD24","Column 10, 12"
"FD25","Column 9, 12, 15"
"FD26","Column 11"
"FD27","Column 11, 13"
"FD28","Column 12, 14, 19"
"FD29","Column 12, 14, 19, 20"
"FD30","Column 13, 17"
"FD31","Column 13, 17, 18"
"FD32","Column 13, 17, 18, 20"
"FD33","Column 14"
"FD34","Column 14, 15"
"FD35","Column 2, 5, 15, 17"
"FD36","Column 1, 14"
"FD37","Column 16, 20"
"FD38","Column 4, 16, 20"
"FD39","Column 17"
"FD40","Column 1, 17, 20"
"FD41","Column 3, 17, 25"
"FD42","Column 7, 18, 15"
"FD43","Column 20"
"FD44","Column 5, 9, 20"
"FD45","Column 6, 19"
"FD46","Column 3, 8, 11"
"FD47","Column 9, 14"
"FD48","Column 19"
"FD49","Column 12, 19"
"FD50","Column 6, 16"
"FD51","Column 6, 16, 20"
"FD52","Column 2, 3, 8"
"FD53","Column 2, 4, 8, 16"
"FD54","Column 2, 3, 7, 13, 17"